date,Custom Index
2013-02-08,49.01442
2013-02-11,48.945633
2013-02-12,49.020195
2013-02-13,49.07279
2013-02-14,49.055157
2013-02-15,49.084507
2013-02-19,49.34893
2013-02-20,48.681477
2013-02-21,48.50065
2013-02-22,48.96417
2013-02-25,48.10729
2013-02-26,48.408714
2013-02-27,49.211113
2013-02-28,49.272926
2013-03-01,49.470745
2013-03-04,49.81727
2013-03-05,50.22509
2013-03-06,50.17966
2013-03-07,50.15051
2013-03-08,50.519608
2013-03-11,50.581127
2013-03-12,50.538624
2013-03-13,50.718903
2013-03-14,50.930622
2013-03-15,50.816536
2013-03-18,50.527176
2013-03-19,50.54068
2013-03-20,50.93656
2013-03-21,50.611526
2013-03-22,51.05874
2013-03-25,51.02669
2013-03-26,51.450382
2013-03-27,51.542526
2013-03-28,51.90505
2013-04-01,51.63141
2013-04-02,51.5698
2013-04-03,50.92974
2013-04-04,51.238228
2013-04-05,51.026394
2013-04-08,51.490334
2013-04-09,51.590694
2013-04-10,52.13359
2013-04-11,52.311443
2013-04-12,52.344444
2013-04-15,51.11744
2013-04-16,51.778202
2013-04-17,51.12286
2013-04-18,50.79081
2013-04-19,51.65858
2013-04-22,51.78332
2013-04-23,52.29521
2013-04-24,52.33211
2013-04-25,52.497654
2013-04-26,52.224545
2013-04-29,52.49446
2013-04-30,52.71791
2013-05-01,52.241436
2013-05-02,52.652267
2013-05-03,53.123928
2013-05-06,53.29129
2013-05-07,53.654575
2013-05-08,53.730324
2013-05-09,53.43725
2013-05-10,53.761387
2013-05-13,53.600056
2013-05-14,54.137592
2013-05-15,54.403145
2013-05-16,53.915585
2013-05-17,54.393383
2013-05-20,54.345497
2013-05-21,54.465935
2013-05-22,53.847492
2013-05-23,53.679127
2013-05-24,53.585632
2013-05-28,53.80368
2013-05-29,53.244118
2013-05-30,53.38187
2013-05-31,52.702908
2013-06-03,52.908707
2013-06-04,52.583286
2013-06-05,51.976837
2013-06-06,52.465805
2013-06-07,53.18072
2013-06-10,53.1057
2013-06-11,52.63524
2013-06-12,52.20755
2013-06-13,52.925022
2013-06-14,52.70574
2013-06-17,53.069695
2013-06-18,53.48024
2013-06-19,52.635666
2013-06-20,51.117638
2013-06-21,51.22108
2013-06-24,50.669792
2013-06-25,51.211727
2013-06-26,51.64375
2013-06-27,52.076435
2013-06-28,51.93048
2013-07-01,52.205566
2013-07-02,52.136673
2013-07-03,52.173916
2013-07-05,52.71043
2013-07-08,52.9636
2013-07-09,53.300335
2013-07-10,53.453167
2013-07-11,54.14171
2013-07-12,54.33445
2013-07-15,54.375305
2013-07-16,54.1284
2013-07-17,54.383614
2013-07-18,54.819096
2013-07-19,54.955486
2013-07-22,55.0723
2013-07-23,54.88824
2013-07-24,54.608974
2013-07-25,54.791615
2013-07-26,54.813126
2013-07-29,54.54456
2013-07-30,54.540215
2013-07-31,54.595654
2013-08-01,55.309647
2013-08-02,55.380466
2013-08-05,55.29622
2013-08-06,54.950893
2013-08-07,54.655987
2013-08-08,54.910297
2013-08-09,54.831257
2013-08-12,54.75017
2013-08-13,54.70911
2013-08-14,54.421
2013-08-15,53.475346
2013-08-16,53.232136
2013-08-19,52.897778
2013-08-20,53.3453
2013-08-21,53.188404
2013-08-22,53.69146
2013-08-23,53.827923
2013-08-26,53.640373
2013-08-27,52.766495
2013-08-28,52.871986
2013-08-29,53.00612
2013-08-30,52.82527
2013-09-03,53.061127
2013-09-04,53.48941
2013-09-05,53.534733
2013-09-06,53.5432
2013-09-09,54.130836
2013-09-10,54.621986
2013-09-11,54.8317
2013-09-12,54.71795
2013-09-13,54.937756
2013-09-16,55.35456
2013-09-17,55.52949
2013-09-18,56.21153
2013-09-19,56.17284
2013-09-20,55.78078
2013-09-23,55.58176
2013-09-24,55.51555
2013-09-25,55.34901
2013-09-26,55.504772
2013-09-27,55.293175
2013-09-30,55.04043
2013-10-01,55.50381
2013-10-02,55.396618
2013-10-03,54.93399
2013-10-04,55.30431
2013-10-07,54.789272
2013-10-08,54.2263
2013-10-09,54.13172
2013-10-10,55.344437
2013-10-11,55.7946
2013-10-14,55.960785
2013-10-15,55.538868
2013-10-16,56.41598
2013-10-17,56.94672
2013-10-18,57.24815
2013-10-21,57.27188
2013-10-22,57.616314
2013-10-23,57.340145
2013-10-24,57.433617
2013-10-25,57.67887
2013-10-28,57.71825
2013-10-29,58.049828
2013-10-30,57.74428
2013-10-31,57.576717
2013-11-01,57.685158
2013-11-04,58.099022
2013-11-05,57.8386
2013-11-06,57.598022
2013-11-07,56.75025
2013-11-08,57.373
2013-11-11,57.45244
2013-11-12,57.383392
2013-11-13,57.90889
2013-11-14,58.255848
2013-11-15,58.56764
2013-11-18,58.24709
2013-11-19,57.97734
2013-11-20,57.77555
2013-11-21,58.413494
2013-11-22,58.819202
2013-11-25,58.823486
2013-11-26,58.901577
2013-11-27,59.076378
2013-11-29,58.908512
2013-12-02,58.940098
2013-12-03,58.701103
2013-12-04,58.629414
2013-12-05,58.347305
2013-12-06,59.051968
2013-12-09,59.02058
2013-12-10,58.911247
2013-12-11,58.23864
2013-12-12,58.140953
2013-12-13,58.29382
2013-12-16,58.741756
2013-12-17,58.68504
2013-12-18,59.714012
2013-12-19,59.423073
2013-12-20,59.97586
2013-12-23,60.07869
2013-12-24,60.247276
2013-12-26,60.49176
2013-12-27,60.404266
2013-12-30,60.559963
2013-12-31,60.80534
2014-01-02,60.30336
2014-01-03,60.314808
2014-01-06,60.127384
2014-01-07,60.658092
2014-01-08,60.849495
2014-01-09,60.934296
2014-01-10,61.133316
2014-01-13,60.24087
2014-01-14,60.91813
2014-01-15,61.153843
2014-01-16,61.115555
2014-01-17,61.044037
2014-01-21,61.03528
2014-01-22,61.13736
2014-01-23,60.701607
2014-01-24,59.375786
2014-01-27,59.105824
2014-01-28,59.646687
2014-01-29,59.13637
2014-01-30,59.82948
2014-01-31,59.528103
2014-02-03,57.920223
2014-02-04,58.347866
2014-02-05,58.248356
2014-02-06,59.055977
2014-02-07,59.61516
2014-02-10,59.672653
2014-02-11,60.355236
2014-02-12,60.50523
2014-02-13,61.021362
2014-02-14,60.9602
2014-02-18,60.93998
2014-02-19,60.688755
2014-02-20,61.10517
2014-02-21,61.111713
2014-02-24,61.447704
2014-02-25,61.48397
2014-02-26,61.535984
2014-02-27,61.76261
2014-02-28,61.83614
2014-03-03,61.547756
2014-03-04,62.516346
2014-03-05,62.337524
2014-03-06,62.41695
2014-03-07,62.46511
2014-03-10,62.463676
2014-03-11,62.15888
2014-03-12,62.199467
2014-03-13,61.503185
2014-03-14,61.512527
2014-03-17,61.929085
2014-03-18,62.301826
2014-03-19,61.838215
2014-03-20,62.150406
2014-03-21,62.03052
2014-03-24,61.58406
2014-03-25,61.77249
2014-03-26,61.17395
2014-03-27,61.12664
2014-03-28,61.465572
2014-03-31,62.1065
2014-04-01,62.588554
2014-04-02,62.785107
2014-04-03,62.63906
2014-04-04,61.782684
2014-04-07,60.94011
2014-04-08,61.247433
2014-04-09,61.789112
2014-04-10,60.443314
2014-04-11,59.87707
2014-04-14,60.434074
2014-04-15,60.809067
2014-04-16,61.447105
2014-04-17,61.548958
2014-04-21,61.642853
2014-04-22,62.042133
2014-04-23,61.90137
2014-04-24,61.81998
2014-04-25,61.20211
2014-04-28,61.267532
2014-04-29,61.495823
2014-04-30,61.77727
2014-05-01,61.79045
2014-05-02,61.861618
2014-05-05,62.000107
2014-05-06,61.497852
2014-05-07,61.85625
2014-05-08,61.808315
2014-05-09,61.83934
2014-05-12,62.45018
2014-05-13,62.33659
2014-05-14,62.092808
2014-05-15,61.47745
2014-05-16,61.699886
2014-05-19,61.977257
2014-05-20,61.3439
2014-05-21,61.743263
2014-05-22,61.885605
2014-05-23,62.18973
2014-05-27,62.558056
2014-05-28,62.545475
2014-05-29,62.826485
2014-05-30,62.88492
2014-06-02,63.030704
2014-06-03,62.973663
2014-06-04,63.181305
2014-06-05,63.704273
2014-06-06,63.83892
2014-06-09,63.769745
2014-06-10,63.558006
2014-06-11,63.33429
2014-06-12,62.811054
2014-06-13,63.02925
2014-06-16,63.052097
2014-06-17,63.166115
2014-06-18,63.670364
2014-06-19,63.72483
2014-06-20,63.78603
2014-06-23,63.75082
2014-06-24,63.51743
2014-06-25,63.653603
2014-06-26,63.632885
2014-06-27,63.757484
2014-06-30,63.687748
2014-07-01,64.07765
2014-07-02,64.04352
2014-07-03,64.398445
2014-07-07,64.13471
2014-07-08,63.720078
2014-07-09,64.084816
2014-07-10,63.901455
2014-07-11,64.014626
2014-07-14,64.12991
2014-07-15,64.07963
2014-07-16,64.405174
2014-07-17,63.728764
2014-07-18,64.297165
2014-07-21,64.05892
2014-07-22,64.45519
2014-07-23,64.30556
2014-07-24,64.41608
2014-07-25,64.380684
2014-07-28,64.330414
2014-07-29,64.1127
2014-07-30,64.088326
2014-07-31,62.936256
2014-08-01,63.01935
2014-08-04,63.283714
2014-08-05,62.654915
2014-08-06,62.14473
2014-08-07,61.845875
2014-08-08,62.521984
2014-08-11,62.723194
2014-08-12,62.596825
2014-08-13,62.97937
2014-08-14,63.35361
2014-08-15,63.23184
2014-08-18,63.80204
2014-08-19,64.13047
2014-08-20,64.24286
2014-08-21,64.32436
2014-08-22,64.22605
2014-08-25,64.43748
2014-08-26,64.59051
2014-08-27,64.55454
2014-08-28,64.50307
2014-08-29,64.63933
2014-09-02,64.61742
2014-09-03,64.63627
2014-09-04,64.66391
2014-09-05,64.972176
2014-09-08,64.723015
2014-09-09,64.24148
2014-09-10,64.31499
2014-09-11,64.41553
2014-09-12,63.886032
2014-09-15,63.740273
2014-09-16,64.14639
2014-09-17,64.16934
2014-09-18,64.36644
2014-09-19,64.36813
2014-09-22,63.60759
2014-09-23,63.188873
2014-09-24,63.813705
2014-09-25,62.858013
2014-09-26,63.291996
2014-09-29,63.049904
2014-09-30,62.86154
2014-10-01,62.037388
2014-10-02,62.15195
2014-10-03,62.768784
2014-10-06,62.566692
2014-10-07,61.654663
2014-10-08,62.684498
2014-10-09,61.597992
2014-10-10,61.06818
2014-10-13,60.170414
2014-10-14,60.503513
2014-10-15,60.027954
2014-10-16,60.44656
2014-10-17,61.131203
2014-10-20,61.718052
2014-10-21,63.117813
2014-10-22,62.496372
2014-10-23,63.18847
2014-10-24,63.54356
2014-10-27,63.738323
2014-10-28,64.44099
2014-10-29,64.22764
2014-10-30,65.15948
2014-10-31,65.51973
2014-11-03,65.62466
2014-11-04,65.45818
2014-11-05,65.814705
2014-11-06,66.12723
2014-11-07,66.225655
2014-11-10,66.40616
2014-11-11,66.39083
2014-11-12,66.470314
2014-11-13,66.55978
2014-11-14,66.509796
2014-11-17,66.56717
2014-11-18,66.95859
2014-11-19,66.8988
2014-11-20,67.08211
2014-11-21,67.40044
2014-11-24,67.6969
2014-11-25,67.752686
2014-11-26,67.95606
2014-11-28,68.08703
2014-12-01,67.52287
2014-12-02,67.89087
2014-12-03,68.248764
2014-12-04,68.225845
2014-12-05,68.348625
2014-12-08,67.89016
2014-12-09,67.95531
2014-12-10,66.983284
2014-12-11,67.58941
2014-12-12,66.8256
2014-12-15,66.49494
2014-12-16,65.95625
2014-12-17,67.08917
2014-12-18,68.42727
2014-12-19,68.53117
2014-12-22,68.99797
2014-12-23,69.2465
2014-12-24,69.27245
2014-12-26,69.48011
2014-12-29,69.56403
2014-12-30,69.22933
2014-12-31,68.65379
2015-01-02,68.74868
2015-01-05,67.59226
2015-01-06,67.07762
2015-01-07,68.00194
2015-01-08,69.23349
2015-01-09,68.68763
2015-01-12,68.196
2015-01-13,68.04761
2015-01-14,67.448524
2015-01-15,66.89232
2015-01-16,67.61574
2015-01-20,67.56597
2015-01-21,67.85965
2015-01-22,68.81519
2015-01-23,68.631676
2015-01-26,68.776
2015-01-27,68.26862
2015-01-28,67.61304
2015-01-29,68.203064
2015-01-30,67.08673
2015-02-02,67.67999
2015-02-03,68.58462
2015-02-04,68.49093
2015-02-05,69.094955
2015-02-06,68.712135
2015-02-09,68.3421
2015-02-10,69.224464
2015-02-11,69.25039
2015-02-12,70.0402
2015-02-13,70.38099
2015-02-17,70.4703
2015-02-18,70.71542
2015-02-19,70.49046
2015-02-20,71.08824
2015-02-23,71.16933
2015-02-24,71.13118
2015-02-25,71.26668
2015-02-26,71.15973
2015-02-27,71.08528
2015-03-02,71.5763
2015-03-03,71.24169
2015-03-04,70.66945
2015-03-05,70.881035
2015-03-06,69.819016
2015-03-09,70.16089
2015-03-10,68.92684
2015-03-11,68.77962
2015-03-12,69.71334
2015-03-13,69.356346
2015-03-16,70.344315
2015-03-17,70.08545
2015-03-18,70.83954
2015-03-19,70.69814
2015-03-20,71.344635
2015-03-23,71.23612
2015-03-24,70.904594
2015-03-25,69.80132
2015-03-26,69.58859
2015-03-27,69.937126
2015-03-30,70.73171
2015-03-31,70.27259
2015-04-01,69.89977
2015-04-02,70.18291
2015-04-06,70.66665
2015-04-07,70.29991
2015-04-08,70.52642
2015-04-09,70.94031
2015-04-10,71.13994
2015-04-13,70.77116
2015-04-14,70.755226
2015-04-15,70.93269
2015-04-16,70.771935
2015-04-17,69.94598
2015-04-20,70.474335
2015-04-21,70.49442
2015-04-22,70.79772
2015-04-23,70.89315
2015-04-24,70.787544
2015-04-27,70.3376
2015-04-28,70.2304
2015-04-29,69.77284
2015-04-30,69.023544
2015-05-01,69.78434
2015-05-04,69.96778
2015-05-05,69.026924
2015-05-06,68.61787
2015-05-07,69.055695
2015-05-08,69.94294
2015-05-11,69.56311
2015-05-12,69.38045
2015-05-13,69.21028
2015-05-14,69.83391
2015-05-15,70.095314
2015-05-18,70.41852
2015-05-19,70.26896
2015-05-20,70.08019
2015-05-21,70.236404
2015-05-22,70.046364
2015-05-26,69.14577
2015-05-27,69.7773
2015-05-28,69.64441
2015-05-29,69.15604
2015-06-01,69.323746
2015-06-02,69.218475
2015-06-03,69.40312
2015-06-04,68.80483
2015-06-05,68.676506
2015-06-08,68.13433
2015-06-09,68.10851
2015-06-10,68.85175
2015-06-11,69.116974
2015-06-12,68.660164
2015-06-15,68.290245
2015-06-16,68.68752
2015-06-17,68.948044
2015-06-18,69.771034
2015-06-19,69.47686
2015-06-22,69.75617
2015-06-23,69.616234
2015-06-24,68.93988
2015-06-25,68.692535
2015-06-26,68.783
2015-06-29,67.234795
2015-06-30,67.41338
2015-07-01,68.05216
2015-07-02,68.142975
2015-07-06,67.994835
2015-07-07,68.429054
2015-07-08,67.15162
2015-07-09,67.43007
2015-07-10,68.46391
2015-07-13,69.16938
2015-07-14,69.41633
2015-07-15,69.22799
2015-07-16,69.72634
2015-07-17,69.51849
2015-07-20,69.458374
2015-07-21,69.14356
2015-07-22,69.36407
2015-07-23,68.90083
2015-07-24,68.50183
2015-07-27,67.985916
2015-07-28,68.824524
2015-07-29,69.67333
2015-07-30,69.95199
2015-07-31,69.997154
2015-08-03,69.6929
2015-08-04,69.67641
2015-08-05,69.79646
2015-08-06,69.17229
2015-08-07,69.097336
2015-08-10,69.96953
2015-08-11,69.47721
2015-08-12,69.53
2015-08-13,69.42685
2015-08-14,69.56328
2015-08-17,70.01043
2015-08-18,69.644806
2015-08-19,69.22805
2015-08-20,67.8112
2015-08-21,65.85116
2015-08-24,63.188335
2015-08-25,62.308506
2015-08-26,64.40234
2015-08-27,65.89073
2015-08-28,65.887726
2015-08-31,65.28951
2015-09-01,63.64392
2015-09-02,64.81435
2015-09-03,65.0977
2015-09-04,64.14912
2015-09-08,65.85181
2015-09-09,65.033195
2015-09-10,65.17103
2015-09-11,65.45742
2015-09-14,65.19576
2015-09-15,65.85106
2015-09-16,66.32901
2015-09-17,66.2328
2015-09-18,65.011635
2015-09-21,65.40451
2015-09-22,64.44296
2015-09-23,64.292076
2015-09-24,63.90499
2015-09-25,63.931625
2015-09-28,62.127495
2015-09-29,62.287018
2015-09-30,63.656418
2015-10-01,64.07316
2015-10-02,65.15633
2015-10-05,66.31747
2015-10-06,65.76586
2015-10-07,66.23911
2015-10-08,66.92513
2015-10-09,67.061905
2015-10-12,67.17645
2015-10-13,66.52696
2015-10-14,65.846054
2015-10-15,66.48124
2015-10-16,66.749084
2015-10-19,66.75133
2015-10-20,66.63324
2015-10-21,66.17284
2015-10-22,67.14834
2015-10-23,67.00038
2015-10-26,67.00112
2015-10-27,67.13803
2015-10-28,67.06064
2015-10-29,67.10403
2015-10-30,67.00061
2015-11-02,67.62022
2015-11-03,67.92101
2015-11-04,67.64113
2015-11-05,67.67903
2015-11-06,67.46289
2015-11-09,66.6154
2015-11-10,66.89174
2015-11-11,66.56524
2015-11-12,65.69839
2015-11-13,64.99528
2015-11-16,66.05848
2015-11-17,66.15998
2015-11-18,67.22713
2015-11-19,67.07876
2015-11-20,67.48461
2015-11-23,67.61635
2015-11-24,67.629364
2015-11-25,67.67966
2015-11-27,67.786446
2015-11-30,67.40151
2015-12-01,68.105316
2015-12-02,67.30591
2015-12-03,66.338936
2015-12-04,67.52185
2015-12-07,67.115685
2015-12-08,66.78343
2015-12-09,66.188446
2015-12-10,66.31917
2015-12-11,65.01916
2015-12-14,65.154045
2015-12-15,65.82963
2015-12-16,66.82367
2015-12-17,65.69946
2015-12-18,64.60829
2015-12-21,65.21138
2015-12-22,65.75489
2015-12-23,66.6198
2015-12-24,66.57729
2015-12-28,66.43031
2015-12-29,67.10368
2015-12-30,66.67597
2015-12-31,66.11006
2016-01-04,65.093
2016-01-05,65.24273
2016-01-06,64.39489
2016-01-07,63.437016
2016-01-08,62.506996
2016-01-11,62.42425
2016-01-12,62.884377
2016-01-13,61.113476
2016-01-14,61.842888
2016-01-15,60.74564
2016-01-19,60.773315
2016-01-20,60.07282
2016-01-21,60.376377
2016-01-22,61.669453
2016-01-25,60.610992
2016-01-26,61.72555
2016-01-27,61.12119
2016-01-28,61.104782
2016-01-29,62.83682
2016-02-01,63.03465
2016-02-02,61.67039
2016-02-03,61.816967
2016-02-04,62.08968
2016-02-05,60.833534
2016-02-08,59.350212
2016-02-09,59.223156
2016-02-10,59.455692
2016-02-11,58.736767
2016-02-12,60.02232
2016-02-16,60.977036
2016-02-17,61.808937
2016-02-18,61.555267
2016-02-19,61.669674
2016-02-22,62.821815
2016-02-23,62.28322
2016-02-24,62.921894
2016-02-25,63.657185
2016-02-26,63.655933
2016-02-29,63.271996
2016-03-01,64.770805
2016-03-02,65.01771
2016-03-03,65.38377
2016-03-04,65.51994
2016-03-07,65.64867
2016-03-08,64.85834
2016-03-09,65.1338
2016-03-10,65.05414
2016-03-11,66.24267
2016-03-14,66.10356
2016-03-15,66.022484
2016-03-16,66.47193
2016-03-17,66.91148
2016-03-18,67.35472
2016-03-21,67.277115
2016-03-22,67.22566
2016-03-23,66.737
2016-03-24,66.638565
2016-03-28,66.782684
2016-03-29,67.38363
2016-03-30,67.62205
2016-03-31,67.6293
2016-04-01,67.938545
2016-04-04,67.67087
2016-04-05,66.93119
2016-04-06,67.4167
2016-04-07,66.61265
2016-04-08,66.81813
2016-04-11,66.60678
2016-04-12,67.1459
2016-04-13,67.806465
2016-04-14,67.67091
2016-04-15,67.51481
2016-04-18,68.00073
2016-04-19,68.052605
2016-04-20,68.055626
2016-04-21,67.61714
2016-04-22,67.80326
2016-04-25,67.6354
2016-04-26,67.788895
2016-04-27,68.166275
2016-04-28,67.46876
2016-04-29,66.639755
2016-05-02,67.36249
2016-05-03,66.89628
2016-05-04,66.64414
2016-05-05,66.703636
2016-05-06,66.81387
2016-05-09,67.019455
2016-05-10,67.71807
2016-05-11,66.64058
2016-05-12,66.688965
2016-05-13,65.992325
2016-05-16,66.62601
2016-05-17,66.082306
2016-05-18,65.89081
2016-05-19,65.81144
2016-05-20,66.36927
2016-05-23,66.17772
2016-05-24,67.219864
2016-05-25,67.47968
2016-05-26,67.39678
2016-05-27,67.81398
2016-05-31,67.859886
2016-06-01,68.053085
2016-06-02,68.35651
2016-06-03,68.131065
2016-06-06,68.37176
2016-06-07,68.63802
2016-06-08,68.88899
2016-06-09,68.74876
2016-06-10,68.246254
2016-06-13,67.769226
2016-06-14,67.704796
2016-06-15,67.66484
2016-06-16,67.80799
2016-06-17,67.720825
2016-06-20,68.181015
2016-06-21,68.46333
2016-06-22,68.356445
2016-06-23,69.32224
2016-06-24,66.92269
2016-06-27,65.338776
2016-06-28,66.44271
2016-06-29,67.67706
2016-06-30,68.54625
2016-07-01,68.588356
2016-07-05,68.06361
2016-07-06,68.24795
2016-07-07,68.23243
2016-07-08,69.433
2016-07-11,69.727356
2016-07-12,70.139114
2016-07-13,70.13049
2016-07-14,70.46708
2016-07-15,70.32511
2016-07-18,70.51003
2016-07-19,70.454865
2016-07-20,70.80724
2016-07-21,70.51213
2016-07-22,70.98352
2016-07-25,70.91287
2016-07-26,71.12894
2016-07-27,70.619286
2016-07-28,70.998566
2016-07-29,71.041046
2016-08-01,70.704636
2016-08-02,69.92867
2016-08-03,70.06131
2016-08-04,70.108795
2016-08-05,70.569885
2016-08-08,70.52003
2016-08-09,70.46471
2016-08-10,70.415764
2016-08-11,70.839836
2016-08-12,70.75657
2016-08-15,70.922424
2016-08-16,70.18497
2016-08-17,70.283485
2016-08-18,70.53253
2016-08-19,70.52877
2016-08-22,70.59368
2016-08-23,70.72288
2016-08-24,70.32205
2016-08-25,70.318504
2016-08-26,70.062096
2016-08-29,70.484825
2016-08-30,70.34336
2016-08-31,70.15762
2016-09-01,70.16668
2016-09-02,70.61903
2016-09-06,70.58837
2016-09-07,70.91499
2016-09-08,70.49194
2016-09-09,68.58499
2016-09-12,69.68479
2016-09-13,68.57109
2016-09-14,68.37725
2016-09-15,68.977806
2016-09-16,68.76213
2016-09-19,68.84299
2016-09-20,68.7271
2016-09-21,69.45873
2016-09-22,69.90124
2016-09-23,69.64493
2016-09-26,69.11315
2016-09-27,69.51328
2016-09-28,69.77463
2016-09-29,69.029015
2016-09-30,69.56082
2016-10-03,69.291824
2016-10-04,68.95298
2016-10-05,69.104515
2016-10-06,68.99127
2016-10-07,68.58296
2016-10-10,68.90315
2016-10-11,68.02208
2016-10-12,68.17144
2016-10-13,68.00474
2016-10-14,67.9943
2016-10-17,67.824524
2016-10-18,68.24284
2016-10-19,68.41819
2016-10-20,68.501465
2016-10-21,68.598595
2016-10-24,68.876434
2016-10-25,68.31089
2016-10-26,68.200455
2016-10-27,67.9914
2016-10-28,68.18818
2016-10-31,68.45379
2016-11-01,67.50158
2016-11-02,66.965965
2016-11-03,66.68308
2016-11-04,66.65663
2016-11-07,68.0818
2016-11-08,68.170784
2016-11-09,68.965385
2016-11-10,69.240944
2016-11-11,69.347404
2016-11-14,69.55623
2016-11-15,69.988655
2016-11-16,69.83686
2016-11-17,70.18427
2016-11-18,69.96298
2016-11-21,70.40074
2016-11-22,70.71647
2016-11-23,70.880005
2016-11-25,71.217125
2016-11-28,70.757965
2016-11-29,70.83331
2016-11-30,70.373314
2016-12-01,70.033875
2016-12-02,70.233696
2016-12-05,70.6882
2016-12-06,71.11059
2016-12-07,72.04698
2016-12-08,72.16558
2016-12-09,72.314255
2016-12-12,72.07861
2016-12-13,72.4708
2016-12-14,71.54183
2016-12-15,71.69808
2016-12-16,71.67287
2016-12-19,71.83362
2016-12-20,72.2203
2016-12-21,72.023544
2016-12-22,71.66254
2016-12-23,71.77292
2016-12-27,71.97557
2016-12-28,71.39314
2016-12-29,71.41813
2016-12-30,71.13666
2017-01-03,71.51473
2017-01-04,71.96676
2017-01-05,71.82337
2017-01-06,71.91253
2017-01-09,71.64372
2017-01-10,71.59199
2017-01-11,71.91472
2017-01-12,71.61842
2017-01-13,71.79375
2017-01-17,71.667404
2017-01-18,71.82131
2017-01-19,71.43899
2017-01-20,71.69988
2017-01-23,71.557556
2017-01-24,72.18321
2017-01-25,72.78777
2017-01-26,72.51297
2017-01-27,72.44213
2017-01-30,72.045654
2017-01-31,71.83732
2017-02-01,71.48363
2017-02-02,71.59522
2017-02-03,72.17848
2017-02-06,71.94893
2017-02-07,71.888176
2017-02-08,72.035255
2017-02-09,72.56881
2017-02-10,72.78736
2017-02-13,73.06059
2017-02-14,73.30343
2017-02-15,73.622536
2017-02-16,73.48364
2017-02-17,73.69318
2017-02-21,74.0738
2017-02-22,73.77443
2017-02-23,73.7078
2017-02-24,74.07361
2017-02-27,74.20068
2017-02-28,73.90797
2017-03-01,74.72546
2017-03-02,74.18814
2017-03-03,74.09864
2017-03-06,73.78356
2017-03-07,73.50945
2017-03-08,73.335236
2017-03-09,73.17391
2017-03-10,73.52716
2017-03-13,73.66487
2017-03-14,73.36064
2017-03-15,74.10687
2017-03-16,73.961876
2017-03-17,74.01385
2017-03-20,73.70356
2017-03-21,72.72969
2017-03-22,73.03979
2017-03-23,73.07478
2017-03-24,73.06862
2017-03-27,73.08449
2017-03-28,73.57304
2017-03-29,73.865
2017-03-30,74.01538
2017-03-31,73.97823
2017-04-03,73.71159
2017-04-04,73.59376
2017-04-05,73.38254
2017-04-06,73.691605
2017-04-07,73.7593
2017-04-10,73.83872
2017-04-11,73.928345
2017-04-12,73.526085
2017-04-13,73.09129
2017-04-17,73.74195
2017-04-18,73.63916
2017-04-19,73.70771
2017-04-20,74.22652
2017-04-21,74.15984
2017-04-24,74.84269
2017-04-25,75.19387
2017-04-26,75.37672
2017-04-27,75.357185
2017-04-28,75.01348
2017-05-01,74.98619
2017-05-02,75.21022
2017-05-03,74.953186
2017-05-04,75.02538
2017-05-05,75.4124
2017-05-08,75.365875
2017-05-09,75.3109
2017-05-10,75.52777
2017-05-11,75.19885
2017-05-12,74.894165
2017-05-15,75.21418
2017-05-16,74.85573
2017-05-17,73.7092
2017-05-18,74.02746
2017-05-19,74.46116
2017-05-22,74.87252
2017-05-23,74.788284
2017-05-24,74.81904
2017-05-25,75.246346
2017-05-26,75.19925
2017-05-30,75.18599
2017-05-31,75.33633
2017-06-01,76.13118
2017-06-02,76.27571
2017-06-05,76.155846
2017-06-06,75.680214
2017-06-07,75.757835
2017-06-08,75.7968
2017-06-09,75.92427
2017-06-12,76.03256
2017-06-13,76.45119
2017-06-14,76.32357
2017-06-15,76.15783
2017-06-16,75.987854
2017-06-19,76.55775
2017-06-20,75.89806
2017-06-21,75.85681
2017-06-22,75.716805
2017-06-23,75.97491
2017-06-26,76.20533
2017-06-27,75.73866
2017-06-28,76.31173
2017-06-29,75.74511
2017-06-30,75.944824
2017-07-03,76.03202
2017-07-05,76.03097
2017-07-06,75.32918
2017-07-07,75.82401
2017-07-10,75.711136
2017-07-11,75.65167
2017-07-12,76.28417
2017-07-13,76.436676
2017-07-14,76.81473
2017-07-17,76.915596
2017-07-18,76.68945
2017-07-19,77.25287
2017-07-20,77.19865
2017-07-21,77.28397
2017-07-24,77.23384
2017-07-25,77.60522
2017-07-26,77.38453
2017-07-27,77.253815
2017-07-28,77.02384
2017-07-31,77.1565
2017-08-01,77.24382
2017-08-02,76.98087
2017-08-03,76.81955
2017-08-04,76.87659
2017-08-07,76.968475
2017-08-08,76.69078
2017-08-09,76.510185
2017-08-10,75.382614
2017-08-11,75.56307
2017-08-14,76.27797
2017-08-15,76.23471
2017-08-16,76.46296
2017-08-17,75.39435
2017-08-18,75.34359
2017-08-21,75.543175
2017-08-22,76.242676
2017-08-23,76.061844
2017-08-24,75.965195
2017-08-25,76.163414
2017-08-28,76.163414
2017-08-29,76.202255
2017-08-30,76.52949
2017-08-31,76.88882
2017-09-01,77.15333
2017-09-05,76.61811
2017-09-06,76.731636
2017-09-07,76.74364
2017-09-08,76.906296
2017-09-11,77.569954
2017-09-12,77.86056
2017-09-13,77.82271
2017-09-14,77.661285
2017-09-15,77.90189
2017-09-18,77.99477
2017-09-19,77.940216
2017-09-20,77.96609
2017-09-21,77.772
2017-09-22,77.90297
2017-09-25,77.785675
2017-09-26,77.88654
2017-09-27,78.13431
2017-09-28,78.20512
2017-09-29,78.42617
2017-10-02,78.50247
2017-10-03,78.785446
2017-10-04,78.901726
2017-10-05,79.17199
2017-10-06,79.03763
2017-10-09,78.8111
2017-10-10,78.99336
2017-10-11,79.07923
2017-10-12,79.103065
2017-10-13,79.16381
2017-10-16,79.11896
2017-10-17,79.13557
2017-10-18,79.172264
2017-10-19,79.22515
2017-10-20,79.76494
2017-10-23,79.69233
2017-10-24,79.73052
2017-10-25,79.32992
2017-10-26,79.53004
2017-10-27,79.69906
2017-10-30,79.33699
2017-10-31,79.54574
2017-11-01,79.91029
2017-11-02,80.13464
2017-11-03,80.23404
2017-11-06,80.33429
2017-11-07,80.238884
2017-11-08,80.37942
2017-11-09,80.126854
2017-11-10,80.26044
2017-11-13,80.254684
2017-11-14,80.3508
2017-11-15,79.88334
2017-11-16,80.79326
2017-11-17,80.924225
2017-11-20,81.07209
2017-11-21,81.4499
2017-11-22,81.35933
2017-11-24,81.43095
2017-11-27,81.238754
2017-11-28,82.1477
2017-11-29,82.40611
2017-11-30,82.901146
2017-12-01,82.49162
2017-12-04,82.43372
2017-12-05,82.17571
2017-12-06,82.12865
2017-12-07,82.44404
2017-12-08,83.04478
2017-12-11,82.90447
2017-12-12,82.928566
2017-12-13,83.01241
2017-12-14,82.570816
2017-12-15,83.3262
2017-12-18,83.88111
2017-12-19,83.60091
2017-12-20,83.6504
2017-12-21,83.76683
2017-12-22,83.77912
2017-12-26,83.96913
2017-12-27,84.09393
2017-12-28,84.3448
2017-12-29,83.94338
2018-01-02,84.30925
2018-01-03,84.792816
2018-01-04,84.82942
2018-01-05,85.35063
2018-01-08,85.69478
2018-01-09,85.519875
2018-01-10,85.34923
2018-01-11,86.10312
2018-01-12,86.69705
2018-01-16,86.185165
2018-01-17,86.91365
2018-01-18,86.99183
2018-01-19,87.508385
2018-01-22,88.11447
2018-01-23,88.42188
2018-01-24,88.19599
2018-01-25,88.291245
2018-01-26,88.99182
2018-01-29,88.34737
2018-01-30,87.45842
2018-01-31,87.5565
2018-02-01,87.369484
2018-02-02,85.66599
2018-02-05,82.56338
2018-02-06,83.467415
2018-02-07,83.30079
